display_name,stub,dropdown_parent
Home,/
Browse,/browse.html
Introduction,/introduction.html
Methodology,/methodology.html
Reception of Buddhism in the West,,
History of Buddhism in Germany,/shorthistory.html,Reception of Buddhism in the West
Buddhism as a Philosophy?,/asaphilosophy.html,Reception of Buddhism in the West
Buddhism is Commodified ?,,
Reframing Spirituality,/newspirituality.html,Buddhism is Commodified ?
Spiritual but Not Religious,/spiritualbutnotreligious.html,Buddhism is Commodified ?
Evaluation,/evaluation.html
Conclusion,/conclusion.html
Data,/data.html
